{"flutter":{"platforms":{"android":{"default":{"projectId":"vendini-337ac","appId":"1:852135500460:android:cbb6477ca9b492ee699d09","fileOutput":"android/app/google-services.json"}},"dart":{"lib/firebase_options.dart":{"projectId":"vendini-337ac","configurations":{"android":"1:852135500460:android:cbb6477ca9b492ee699d09","ios":"1:852135500460:ios:9fdf8897187b426a699d09","macos":"1:852135500460:ios:9fdf8897187b426a699d09","web":"1:852135500460:web:03f0743f694b22a5699d09","windows":"1:852135500460:web:6e0c66a5cf1f2852699d09"}}}}}}